﻿{
  "version": 6,
  "cmakeMinimumRequired": {
    "major": 3,
    "minor": 20,
    "patch": 0
  },
  "configurePresets": [
    {
      "name": "x64-Debug",
      "displayName": "Windows x64 Debug",
      "description": "Sets Ninja generator, compilers, x64 architecture, build and install directory, debug x64 build type",
      "generator": "Ninja",
      "binaryDir": "${sourceDir}/src/${presetName}",
      "architecture": {
        "value": "x64",
        "strategy": "external"
      },
      "cacheVariables": {
        "wxWidgets_CONFIGURATION": "mswud",
        "CMAKE_BUILD_TYPE": "Debug",
        "CMAKE_INSTALL_PREFIX": "${sourceDir}/install/${presetName}"
      },
      "vendor": {
        "microsoft.com/VisualStudioSettings/CMake/1.0": {
          "hostOS": [ "Windows" ]
        }
      }
    },
    {
      "name": "x64-Release",
      "displayName": "Windows x64 Release",
      "description": "Sets Ninja generator, compilers, x64 architecture, build and install directory, release x64 build type",
      "generator": "Ninja",
      "binaryDir": "${sourceDir}/src/${presetName}",
      "architecture": {
        "value": "x64",
        "strategy": "external"
      },
      "cacheVariables": {
        "wxWidgets_CONFIGURATION": "mswu",
        "CMAKE_BUILD_TYPE": "Release",
        "CMAKE_INSTALL_PREFIX": "${sourceDir}/install/${presetName}"
      },
      "vendor": {
        "microsoft.com/VisualStudioSettings/CMake/1.0": {
          "hostOS": [ "Windows" ]
        }
      }
    }
  ]
}